City_ID,City,Country,Date,Lat,Lng,Max Temp,Humidity,Cloudiness,Wind Speed
0,Tuktoyaktuk,CA,2021-01-26 01:32:21,69.4541,-133.0374,-4.0,84,90,11.5
1,Khatanga,RU,2021-01-26 01:36:53,71.9667,102.5,-19.37,88,100,8.16
2,Puerto Ayora,EC,2021-01-26 01:36:59,-0.7393,-90.3518,77.0,94,58,5.01
3,Amargosa,BR,2021-01-26 01:37:18,-13.0303,-39.6047,68.29,97,59,4.72
4,Cape Town,ZA,2021-01-26 01:33:54,-33.9258,18.4232,66.99,88,20,17.27
5,Cidreira,BR,2021-01-26 01:35:44,-30.1811,-50.2056,75.83,86,48,9.98
6,Batagay-Alyta,RU,2021-01-26 01:37:19,67.8006,130.4114,-31.27,82,98,0.78
7,Barranquilla,CO,2021-01-26 01:33:21,10.9639,-74.7964,77.0,83,0,12.66
8,Luba,GQ,2021-01-26 01:37:19,3.4568,8.5547,77.0,94,20,9.22
9,Paamiut,GL,2021-01-26 01:37:19,61.994,-49.6678,22.37,83,98,10.27
10,Clyde River,CA,2021-01-26 01:37:19,70.4692,-68.5914,6.8,92,1,18.41
11,Albany,US,2021-01-26 01:37:01,42.6001,-73.9662,25.0,61,100,1.43
12,Mataura,NZ,2021-01-26 01:37:20,-46.1927,168.8643,82.99,44,100,21.0
13,Cabo San Lucas,MX,2021-01-26 01:35:48,22.8909,-109.9124,64.4,63,40,13.8
14,Rikitea,PF,2021-01-26 01:35:32,-23.1203,-134.9692,79.83,70,1,12.73
15,Eureka,US,2021-01-26 01:37:20,40.8021,-124.1637,43.0,81,54,1.01
16,Ushuaia,AR,2021-01-26 01:35:33,-54.8,-68.3,46.4,61,75,21.85
17,Barrow,US,2021-01-26 01:32:20,71.2906,-156.7887,-5.8,84,40,12.66
18,Tuatapere,NZ,2021-01-26 01:33:11,-46.1333,167.6833,82.99,44,100,21.0
19,Tasiilaq,GL,2021-01-26 01:37:19,65.6145,-37.6368,8.6,52,94,14.97
20,Bull Savanna,JM,2021-01-26 01:37:20,17.8868,-77.5902,73.8,87,34,9.57
21,Punta Arenas,CL,2021-01-26 01:37:21,-53.15,-70.9167,44.6,57,0,24.16
22,Bredasdorp,ZA,2021-01-26 01:32:27,-34.5322,20.0403,62.6,94,46,4.61
23,Fallon,US,2021-01-26 01:37:21,39.4735,-118.7774,30.2,80,90,5.75
24,Santa Vitoria Do Palmar,BR,2021-01-26 01:32:26,-33.5189,-53.3681,72.97,87,0,8.23
25,Dunedin,NZ,2021-01-26 01:37:21,-45.8742,170.5036,77.0,56,100,3.0
26,Antalaha,MG,2021-01-26 01:37:21,-14.9003,50.2788,76.91,85,93,2.59
27,Timberlake,US,2021-01-26 01:37:22,37.3207,-79.2575,34.0,93,90,4.61
28,Port Angeles,US,2021-01-26 01:37:22,48.1181,-123.4307,39.99,75,40,6.91
29,Butaritari,KI,2021-01-26 01:32:22,3.0707,172.7902,79.92,76,99,6.85
30,Isiolo,KE,2021-01-26 01:37:22,0.3546,37.5822,64.56,59,19,4.43
31,Ahipara,NZ,2021-01-26 01:36:59,-35.1667,173.1667,74.59,61,33,9.75
32,Upernavik,GL,2021-01-26 01:37:22,72.7868,-56.1549,5.11,80,0,5.21
33,Lebu,CL,2021-01-26 01:35:39,-37.6167,-73.65,57.16,83,0,15.41
34,Lubango,AO,2021-01-26 01:37:23,-14.9172,13.4925,59.7,71,79,3.04
35,Preobrazheniye,RU,2021-01-26 01:37:23,42.9019,133.9064,31.46,93,100,9.71
36,Atbasar,KZ,2021-01-26 01:37:23,51.8,68.3333,28.0,98,100,10.89
37,Ponta Do Sol,PT,2021-01-26 01:36:36,32.6667,-17.1,59.0,74,3,1.99
38,Pabbi,PK,2021-01-26 01:37:23,34.0106,71.7989,42.8,56,1,4.61
39,Hobart,AU,2021-01-26 01:33:20,-42.8794,147.3294,71.6,40,75,14.97
40,Atuona,PF,2021-01-26 01:37:08,-9.8,-139.0333,78.53,76,13,18.63
41,De-Kastri,RU,2021-01-26 01:37:24,51.4667,140.7833,-3.75,86,37,5.01
42,Cobija,BO,2021-01-26 01:37:24,-11.0267,-68.7692,73.15,97,100,1.63
43,Thompson,CA,2021-01-26 01:32:38,55.7435,-97.8558,-13.0,77,40,3.44
44,Saldanha,ZA,2021-01-26 01:37:07,-33.0117,17.9442,62.6,82,0,10.36
45,Pevek,RU,2021-01-26 01:36:28,69.7008,170.3133,-28.14,85,100,5.93
46,Mount Gambier,AU,2021-01-26 01:37:24,-37.8333,140.7667,69.8,56,75,14.97
47,Jamestown,US,2021-01-26 01:37:24,42.097,-79.2353,30.2,59,75,6.91
48,Castro,BR,2021-01-26 01:32:26,-24.7911,-50.0119,63.77,97,100,1.92
49,Berlevag,NO,2021-01-26 01:37:24,70.8578,29.0864,27.86,96,100,27.31
50,Busselton,AU,2021-01-26 01:37:08,-33.65,115.3333,75.0,51,28,3.51
51,Mar Del Plata,AR,2021-01-26 01:36:26,-38.0023,-57.5575,82.4,74,40,6.91
52,Aguas Formosas,BR,2021-01-26 01:37:25,-17.0822,-40.9358,68.61,91,6,1.41
53,Purpe,RU,2021-01-26 01:37:25,64.4803,76.6897,-28.77,82,100,23.06
54,Qaanaaq,GL,2021-01-26 01:37:25,77.484,-69.3632,6.24,63,0,7.31
55,New Norfolk,AU,2021-01-26 01:35:30,-42.7826,147.0587,70.0,59,65,5.99
56,High Level,CA,2021-01-26 01:37:25,58.5169,-117.136,-7.6,84,90,5.75
57,Zhuhai,CN,2021-01-26 01:37:25,22.2769,113.5678,69.01,94,20,4.61
58,Arraial Do Cabo,BR,2021-01-26 01:32:56,-22.9661,-42.0278,75.96,85,7,22.97
59,Georgetown,MY,2021-01-26 01:32:21,5.4112,100.3354,78.8,78,20,3.44
60,Peniche,PT,2021-01-26 01:37:26,39.3558,-9.3811,59.0,95,100,8.99
61,Ponta Delgada,PT,2021-01-26 01:36:31,37.7333,-25.6667,63.0,94,75,13.8
62,Muravlenko,RU,2021-01-26 01:37:26,63.7898,74.523,-27.13,85,100,19.24
63,Sitka,US,2021-01-26 01:32:27,57.0531,-135.33,35.6,75,20,3.44
64,Palafrugell,ES,2021-01-26 01:37:27,41.9174,3.1631,46.99,24,31,21.07
65,Vila Velha,BR,2021-01-26 01:36:00,-20.3297,-40.2925,78.8,78,20,6.91
66,Nishihara,JP,2021-01-26 01:37:27,26.1842,127.7558,69.8,60,40,6.91
67,Usakos,NA,2021-01-26 01:37:27,-22.0,15.6,72.16,73,96,0.54
68,Kodiak,US,2021-01-26 01:37:07,57.79,-152.4072,37.4,75,75,11.5
69,Suzaka,JP,2021-01-26 01:37:28,36.65,138.3167,41.0,67,100,1.01
70,Half Moon Bay,US,2021-01-26 01:37:28,37.4636,-122.4286,48.2,66,20,25.32
71,Chokurdakh,RU,2021-01-26 01:37:08,70.6333,147.9167,-41.8,78,27,3.18
72,Zhaozhou,CN,2021-01-26 01:37:29,45.6833,125.3167,9.9,92,0,9.44
73,Corsicana,US,2021-01-26 01:37:29,32.0954,-96.4689,61.0,51,1,5.75
74,Provideniya,RU,2021-01-26 01:37:29,64.3833,-173.3,5.0,72,90,20.13
75,Constitucion,CL,2021-01-26 01:35:56,-35.3333,-72.4167,56.73,71,0,13.67
76,Shenjiamen,CN,2021-01-26 01:37:29,29.9576,122.298,48.6,93,100,12.28
77,Itarema,BR,2021-01-26 01:35:39,-2.9248,-39.9167,79.47,80,100,11.52
78,San Cristobal,VE,2021-01-26 01:33:11,7.7669,-72.225,63.99,87,69,1.3
79,Cairns,AU,2021-01-26 01:37:30,-16.9167,145.7667,86.0,66,75,8.05
80,Hwange,ZW,2021-01-26 01:37:30,-18.3693,26.5019,68.68,98,100,3.29
81,Banyo,CM,2021-01-26 01:37:30,6.75,11.8167,65.14,27,87,3.76
82,Kapaa,US,2021-01-26 01:32:25,22.0752,-159.319,75.99,88,75,20.71
83,Montabaur,DE,2021-01-26 01:37:30,50.4333,7.8333,34.0,94,100,3.0
84,Komsomolskiy,UZ,2021-01-26 01:35:31,40.4272,71.7189,19.4,79,33,4.61
85,Bluff,NZ,2021-01-26 01:36:30,-46.6,168.3333,82.99,44,100,21.0
86,Marystown,CA,2021-01-26 01:37:30,47.1666,-55.1483,30.02,96,100,5.12
87,Bay Roberts,CA,2021-01-26 01:37:31,47.5999,-53.2648,28.99,88,100,3.0
88,Mkuranga,TZ,2021-01-26 01:37:31,-7.118,39.2078,72.88,95,15,1.7
89,Malkapur,IN,2021-01-26 01:37:31,20.8833,76.2,58.87,44,0,2.93
90,Pochutla,MX,2021-01-26 01:37:31,15.7432,-96.4661,78.8,83,40,5.75
91,Vaini,TO,2021-01-26 01:37:07,-21.2,-175.2,82.4,89,75,9.22
92,Esperance,AU,2021-01-26 01:37:31,-33.8667,121.9,69.8,49,28,6.91
93,Iqaluit,CA,2021-01-26 01:37:32,63.7506,-68.5145,0.0,85,1,4.61
94,Puerto Del Rosario,ES,2021-01-26 01:37:32,28.5004,-13.8627,66.2,72,75,16.11
95,Bambous Virieux,MU,2021-01-26 01:37:00,-20.3428,57.7575,75.0,88,20,5.75
96,Saint-Augustin,CA,2021-01-26 01:37:12,51.226,-58.6502,32.43,93,85,15.73
97,Oros,BR,2021-01-26 01:36:04,-6.2444,-38.9136,78.75,68,99,6.15
98,Tiksi,RU,2021-01-26 01:37:01,71.6872,128.8694,-39.77,80,97,5.79
99,Matias Olimpio,BR,2021-01-26 01:37:32,-3.7158,-42.5556,74.17,97,100,3.24
100,Port Augusta,AU,2021-01-26 01:37:33,-32.5,137.7667,75.0,78,90,18.41
101,Henties Bay,NA,2021-01-26 01:33:27,-22.116,14.2845,69.01,89,100,6.51
102,Kwidzyn,PL,2021-01-26 01:37:33,53.7249,18.9311,34.0,90,100,7.0
103,Vila Franca Do Campo,PT,2021-01-26 01:37:33,37.7167,-25.4333,63.0,94,75,13.8
104,Esil,KZ,2021-01-26 01:37:33,51.9556,66.4042,17.26,97,63,8.9
105,Gayny,RU,2021-01-26 01:37:33,60.3071,54.3241,34.38,96,100,10.85
106,Bubaque,GW,2021-01-26 01:37:34,11.2833,-15.8333,78.08,75,0,9.75
107,Hilo,US,2021-01-26 01:36:16,19.7297,-155.09,77.0,73,90,11.5
108,Maua,BR,2021-01-26 01:36:54,-23.6678,-46.4614,69.8,94,40,10.36
109,Qaqortoq,GL,2021-01-26 01:37:36,60.7167,-46.0333,24.8,26,55,27.63
110,Port Alfred,ZA,2021-01-26 01:37:01,-33.5906,26.891,63.0,92,0,9.44
111,Labuhan,ID,2021-01-26 01:37:36,-6.8844,112.2051,80.1,80,89,4.32
112,Abu Samrah,SY,2021-01-26 01:37:36,35.3029,37.1841,39.54,72,0,2.19
113,Conceicao Do Araguaia,BR,2021-01-26 01:37:36,-8.2578,-49.2647,74.53,89,39,2.1
114,Garissa,KE,2021-01-26 01:37:37,-0.4536,39.6401,74.34,77,99,7.7
115,Beisfjord,NO,2021-01-26 01:37:37,68.3751,17.5988,6.8,85,0,5.88
116,Sao Filipe,CV,2021-01-26 01:37:04,14.8961,-24.4956,73.09,63,28,7.09
117,Aktash,RU,2021-01-26 01:37:37,50.3,87.7333,-15.61,89,100,2.48
118,Airai,TL,2021-01-26 01:35:35,-8.9266,125.4092,69.73,86,91,4.79
119,Bartica,GY,2021-01-26 01:37:37,6.4,-58.6167,75.2,94,20,4.61
120,Dauphin,CA,2021-01-26 01:37:37,51.1494,-100.0502,-20.2,76,1,4.61
121,Payo,ID,2021-01-26 01:37:37,-3.7508,103.6372,72.88,97,100,2.62
122,Coquimbo,CL,2021-01-26 01:37:37,-29.9533,-71.3436,62.6,82,75,6.91
123,Torbay,CA,2021-01-26 01:37:38,47.6666,-52.7314,28.99,93,90,10.36
124,Morehead,US,2021-01-26 01:37:38,37.2711,-87.1764,52.0,87,90,6.91
125,Jambi,ID,2021-01-26 01:37:38,-1.6,103.6167,78.17,89,97,3.76
126,Lata,PT,2021-01-26 01:33:04,40.1629,-8.3327,59.0,95,100,1.01
127,Rorvik,NO,2021-01-26 01:36:47,64.8621,11.2373,32.95,93,80,20.4
128,Ribeira Grande,PT,2021-01-26 01:37:38,38.5167,-28.7,63.28,89,100,23.76
129,Nanyamba,TZ,2021-01-26 01:37:38,-10.6833,39.8333,75.2,88,20,8.05
130,Saint-Francois,FR,2021-01-26 01:37:39,46.4154,3.9054,30.2,93,0,1.14
131,Inirida,CO,2021-01-26 01:37:39,3.8653,-67.9239,74.19,95,100,1.83
132,Mehamn,NO,2021-01-26 01:37:39,71.0357,27.8492,27.93,97,100,26.64
133,Kantang,TH,2021-01-26 01:37:39,7.4054,99.5156,82.99,88,20,4.12
134,Fairbanks,US,2021-01-26 01:35:02,64.8378,-147.7164,1.4,85,40,2.28
135,Dharchula,IN,2021-01-26 01:37:28,29.85,80.5333,44.76,33,0,6.51
136,Zlobin,HR,2021-01-26 01:37:40,45.2924,14.6541,39.2,60,20,13.8
137,Adrar,MR,2021-01-26 01:37:40,20.5022,-10.0711,65.23,22,0,8.95
138,Narsaq,GL,2021-01-26 01:37:35,60.9167,-46.05,24.8,26,62,27.63
139,Yellowknife,CA,2021-01-26 01:37:00,62.456,-114.3525,-20.0,69,75,10.36
140,Avera,US,2021-01-26 01:37:40,33.194,-82.5271,68.0,77,1,6.91
141,Shingu,JP,2021-01-26 01:36:45,33.7333,135.9833,60.8,59,75,11.5
142,Sorong,ID,2021-01-26 01:37:40,-0.8833,131.25,83.64,70,100,1.5
143,Katsuura,JP,2021-01-26 01:37:31,35.1333,140.3,51.01,66,75,10.36
144,Damaturu,NG,2021-01-26 01:37:41,11.747,11.9608,66.92,22,23,8.88
145,Bongandanga,CD,2021-01-26 01:37:41,1.5,21.05,72.27,91,100,1.43
146,East London,ZA,2021-01-26 01:37:32,-33.0153,27.9116,68.77,78,0,12.33
147,Rjukan,NO,2021-01-26 01:37:41,59.8789,8.5941,10.0,72,0,14.0
148,Chuy,UY,2021-01-26 01:37:41,-33.6971,-53.4616,72.7,88,0,7.94
149,Buritis,BR,2021-01-26 01:37:42,-15.6178,-46.4233,70.14,84,94,0.16
150,Avarua,CK,2021-01-26 01:37:42,-21.2078,-159.775,86.0,70,40,12.66
151,Aklavik,CA,2021-01-26 01:37:42,68.2191,-135.0107,-7.6,77,98,3.44
152,Taoudenni,ML,2021-01-26 01:32:57,22.6783,-3.9836,68.16,22,75,9.15
153,Ostrovnoy,RU,2021-01-26 01:37:42,68.0531,39.5131,15.4,95,100,14.05
154,Quelimane,MZ,2021-01-26 01:37:42,-17.8786,36.8883,75.2,94,20,2.3
155,Saint-Michel-Des-Saints,CA,2021-01-26 01:37:43,46.6834,-73.9159,3.0,94,52,2.66
156,Araouane,ML,2021-01-26 01:37:43,18.9048,-3.5265,65.21,19,24,9.64
157,Hithadhoo,MV,2021-01-26 01:35:23,-0.6,73.0833,80.8,74,100,3.62
158,Requena,ES,2021-01-26 01:37:43,39.4883,-1.1004,55.0,84,6,6.6
159,Alofi,NU,2021-01-26 01:36:33,-19.0595,-169.9187,82.4,78,90,8.05
160,Kununurra,AU,2021-01-26 01:37:43,-15.7667,128.7333,80.6,100,100,3.44
161,Americus,US,2021-01-26 01:37:43,32.0724,-84.2327,69.8,68,1,6.91
162,Barabai,ID,2021-01-26 01:37:44,-2.5833,115.3833,83.03,76,100,1.7
163,Lososina,RU,2021-01-26 01:37:44,48.9975,140.3106,1.8,89,100,2.95
164,Lipari,IT,2021-01-26 01:37:44,38.4674,14.954,59.0,63,100,21.83
165,Khandyga,RU,2021-01-26 01:37:44,62.6667,135.6,-49.2,74,0,1.34
166,Dikson,RU,2021-01-26 01:36:59,73.5069,80.5464,-24.68,85,100,12.1
167,Egvekinot,RU,2021-01-26 01:37:44,66.3167,-179.1667,-10.82,89,76,7.29
168,Muros,ES,2021-01-26 01:37:16,42.7762,-9.0603,57.99,94,100,9.98
169,Birao,CF,2021-01-26 01:37:44,10.2849,22.7882,70.36,22,100,7.47
170,Mahebourg,MU,2021-01-26 01:37:45,-20.4081,57.7,71.6,88,20,5.75
171,Weatherford,US,2021-01-26 01:37:45,32.7593,-97.7972,57.0,54,0,13.89
172,Aykhal,RU,2021-01-26 01:35:28,66.0,111.5,-38.78,78,33,1.32
173,Longyearbyen,SJ,2021-01-26 01:37:45,78.2186,15.6401,2.12,88,64,8.55
174,Nikolskoye,RU,2021-01-26 01:35:24,59.7035,30.7861,37.0,93,90,8.95
175,Sesheke,ZM,2021-01-26 01:37:45,-17.4759,24.2968,65.62,92,100,7.38
176,Ebensee,AT,2021-01-26 01:37:45,47.8072,13.779,32.0,94,100,7.0
177,Teya,RU,2021-01-26 01:33:01,60.3778,92.6267,-45.09,74,46,0.07
178,San Patricio,US,2021-01-26 01:33:37,28.017,-97.5169,75.2,57,90,6.91
179,Manggar,ID,2021-01-26 01:37:47,-2.8833,108.2667,82.38,73,100,4.88
180,Mount Isa,AU,2021-01-26 01:35:47,-20.7333,139.5,95.0,31,75,6.91
181,Meulaboh,ID,2021-01-26 01:36:14,4.1363,96.1285,80.55,74,40,5.14
182,Vanimo,PG,2021-01-26 01:37:48,-2.6741,141.3028,83.77,76,17,3.31
183,Bethel,US,2021-01-26 01:37:21,41.3712,-73.414,28.4,50,1,3.53
184,Hasaki,JP,2021-01-26 01:35:33,35.7333,140.8333,48.2,76,75,9.22
185,Isangel,VU,2021-01-26 01:37:01,-19.55,169.2667,86.0,74,75,6.91
186,Port Blair,IN,2021-01-26 01:37:49,11.6667,92.75,76.44,74,36,9.13
187,Neiafu,TO,2021-01-26 01:37:28,-18.65,-173.9833,75.2,94,90,8.05
188,Hermanus,ZA,2021-01-26 01:37:11,-34.4187,19.2345,60.01,91,18,6.46
189,Athens,GR,2021-01-26 01:35:27,37.9795,23.7162,57.99,76,20,9.89
190,Mareeba,AU,2021-01-26 01:37:49,-17.0,145.4333,86.0,66,75,8.05
191,Harper,LR,2021-01-26 01:37:49,4.375,-7.7169,77.59,86,0,6.4
192,Cherskiy,RU,2021-01-26 01:37:03,68.75,161.3,-36.54,82,63,2.86
193,Bonavista,CA,2021-01-26 01:37:46,48.6499,-53.1147,30.99,93,100,6.91
194,Rawson,AR,2021-01-26 01:37:50,-43.3002,-65.1023,65.93,51,0,16.49
195,Raudeberg,NO,2021-01-26 01:37:50,61.9875,5.1352,33.01,94,100,6.76
196,Nouadhibou,MR,2021-01-26 01:37:50,20.931,-17.0347,66.2,59,0,17.27
197,Castelo Do Piaui,BR,2021-01-26 01:37:50,-5.3222,-41.5525,74.1,89,100,3.8
198,Formosa Do Rio Preto,BR,2021-01-26 01:37:50,-11.0483,-45.1931,68.79,87,56,2.39
199,Krasnyy Chikoy,RU,2021-01-26 01:37:50,50.3643,108.7512,-4.67,86,98,7.36
200,Sioux Lookout,CA,2021-01-26 01:37:51,50.1001,-91.917,-16.6,76,1,3.44
201,Carnarvon,AU,2021-01-26 01:35:51,-24.8667,113.6333,77.0,57,40,23.02
202,Portimao,PT,2021-01-26 01:37:51,37.1386,-8.5378,59.0,100,75,10.36
203,Avila,ES,2021-01-26 01:37:51,40.5833,-5.0,48.99,93,98,1.01
204,Broome,US,2021-01-26 01:35:54,42.2506,-75.833,25.0,63,1,1.45
205,Caravelas,BR,2021-01-26 01:32:38,-17.7125,-39.2481,75.18,84,100,3.04
206,Florianopolis,BR,2021-01-26 01:37:51,-27.6146,-48.5012,75.99,88,75,11.5
207,Mardin,TR,2021-01-26 01:37:51,37.3131,40.7436,41.0,65,0,9.22
208,Santa Rosa,PH,2021-01-26 01:37:51,14.3122,121.1114,84.99,78,40,1.14
209,Bonfim,BR,2021-01-26 01:37:52,3.0833,-59.95,79.86,61,100,8.12
210,Kutum,SD,2021-01-26 01:37:38,14.2,24.6667,55.15,31,69,6.93
211,General Roca,AR,2021-01-26 01:37:52,-39.0333,-67.5833,80.6,22,0,8.05
212,Novaya Zaimka,RU,2021-01-26 01:37:52,56.4857,66.9241,26.94,98,100,13.31
213,Dingle,PH,2021-01-26 01:37:52,10.9995,122.6711,79.75,76,100,11.77
214,La Libertad,EC,2021-01-26 01:37:52,-2.2333,-80.9,78.1,77,50,8.48
215,Coahuayana,MX,2021-01-26 01:37:38,18.7333,-103.6833,75.2,73,40,1.45
216,Riyadh,SA,2021-01-26 01:37:52,24.6877,46.7219,51.8,22,0,5.75
217,Lundazi,ZM,2021-01-26 01:37:53,-12.2929,33.1782,64.02,90,100,3.6
218,Hofn,IS,2021-01-26 01:37:53,64.2539,-15.2082,24.31,89,97,19.44
219,Verkhoyansk,RU,2021-01-26 01:37:53,67.5447,133.385,-41.73,78,91,2.01
220,Ekhabi,RU,2021-01-26 01:36:27,53.5102,142.9671,-14.01,86,0,8.57
221,Odesskoye,RU,2021-01-26 01:37:53,54.2111,72.9651,-2.96,92,100,6.58
222,Aswan,EG,2021-01-26 01:37:53,24.0934,32.907,52.38,43,0,8.9
223,Gamba,GA,2021-01-26 01:37:53,-2.65,10.0,78.19,87,100,3.89
224,Huicheng,CN,2021-01-26 01:37:54,23.0385,116.2899,62.6,77,0,4.47
225,Tombouctou,ML,2021-01-26 01:37:54,20.0,-3.0,66.42,19,52,10.38
226,Kungurtug,RU,2021-01-26 01:37:54,50.5994,97.5228,-12.5,82,100,1.48
227,Uray,RU,2021-01-26 01:37:54,60.1247,64.7758,10.94,96,100,5.28
228,Saint Anthony,US,2021-01-26 01:37:54,45.0205,-93.218,19.4,49,90,9.22
229,Vangaindrano,MG,2021-01-26 01:37:32,-23.35,47.6,73.6,91,13,6.73
230,Fortuna,US,2021-01-26 01:37:54,40.5982,-124.1573,42.01,93,1,3.6
231,Eisiskes,LT,2021-01-26 01:37:54,54.1667,25.0,32.0,100,90,11.5
232,Mantua,IT,2021-01-26 01:36:49,45.1667,10.7833,36.0,75,66,1.01
233,Kloulklubed,PW,2021-01-26 01:36:48,7.0419,134.2556,86.0,70,75,14.97
234,Jequie,BR,2021-01-26 01:37:55,-13.8575,-40.0836,69.22,91,51,3.24
235,Diamantino,BR,2021-01-26 01:37:55,-14.4086,-56.4461,74.95,81,100,3.02
236,Bosanska Krupa,BA,2021-01-26 01:37:55,44.8825,16.1514,31.42,96,100,2.64
237,Deputatskiy,RU,2021-01-26 01:37:55,69.3,139.9,-42.39,83,28,1.77
238,Te Anau,NZ,2021-01-26 01:37:55,-45.4167,167.7167,70.23,58,100,11.41
239,Pala,TD,2021-01-26 01:37:56,9.3642,14.9046,70.88,22,59,6.96
240,Peace River,CA,2021-01-26 01:37:56,56.2501,-117.286,1.4,71,90,9.22
241,Aasiaat,GL,2021-01-26 01:37:56,68.7098,-52.8699,0.18,82,18,5.64
242,Kaitangata,NZ,2021-01-26 01:37:07,-46.2817,169.8464,78.26,41,100,15.84
243,Alice Springs,AU,2021-01-26 01:37:00,-23.7,133.8833,91.4,40,1,4.61
244,Leshukonskoye,RU,2021-01-26 01:37:57,64.8989,45.7622,35.2,97,100,8.48
245,Buluang,PH,2021-01-26 01:37:57,13.3068,123.3425,84.29,60,76,1.59
246,Ponto Novo,BR,2021-01-26 01:37:57,-10.8628,-40.1336,71.31,85,12,8.28
247,Saskylakh,RU,2021-01-26 01:32:30,71.9167,114.0833,-32.04,82,47,4.12
248,Kiunga,PG,2021-01-26 01:33:33,-6.1219,141.2906,86.27,65,87,1.66
249,Faanui,PF,2021-01-26 01:36:09,-16.4833,-151.75,81.21,76,100,18.03
250,Belle Fourche,US,2021-01-26 01:37:57,44.6714,-103.8522,21.0,100,90,6.91
251,Ulychne,UA,2021-01-26 01:37:57,49.2338,23.6511,30.99,86,100,16.04
252,Catamarca,AR,2021-01-26 01:37:58,-28.4696,-65.7852,80.01,55,60,3.0
253,Souillac,MU,2021-01-26 01:37:58,-20.5167,57.5167,71.6,88,20,5.75
254,Bilma,NE,2021-01-26 01:37:58,18.6853,12.9164,57.31,28,23,5.28
255,Flinders,AU,2021-01-26 01:33:28,-34.5833,150.8552,98.01,42,85,3.0
256,Haines Junction,CA,2021-01-26 01:32:58,60.7522,-137.5108,6.8,85,100,1.14
257,Westport,US,2021-01-26 01:37:02,41.1415,-73.3579,33.01,43,1,9.22
258,Barisal,BD,2021-01-26 01:37:58,22.7019,90.3711,65.73,50,0,3.91
259,Boa Vista,BR,2021-01-26 01:34:30,2.8197,-60.6733,78.8,65,0,5.75
260,Abalak,RU,2021-01-26 01:37:59,58.1286,68.5944,1.09,94,100,6.98
261,Elko,US,2021-01-26 01:37:59,41.0002,-115.5012,28.4,80,90,8.05
262,Tual,ID,2021-01-26 01:37:59,-5.6667,132.75,83.93,75,100,21.0
263,Bela,IN,2021-01-26 01:37:59,25.9333,81.9833,49.46,75,0,3.49
264,Arman,RU,2021-01-26 01:37:59,59.7,150.1667,-4.83,81,100,12.55
265,Kropotkin,RU,2021-01-26 01:37:59,45.4375,40.5756,41.0,70,100,14.2
266,Vila,PT,2021-01-26 01:37:59,42.0304,-8.1588,53.01,96,100,5.08
267,Qandala,SO,2021-01-26 01:38:00,11.472,49.8728,70.54,66,2,5.41
268,San Benito,US,2021-01-26 01:38:00,36.6166,-121.0844,37.99,59,8,5.01
269,Rosetta,EG,2021-01-26 01:38:00,31.4044,30.4164,50.0,93,0,3.44
270,Marsa Matruh,EG,2021-01-26 01:36:01,31.3525,27.2453,53.6,47,0,12.66
271,Vysokogornyy,RU,2021-01-26 01:38:00,50.1167,139.15,-0.26,83,100,4.36
272,Yulara,AU,2021-01-26 01:36:39,-25.2406,130.9889,93.2,36,0,4.61
273,Alexandria,EG,2021-01-26 01:38:00,31.2156,29.9553,50.0,93,0,3.44
274,Srednekolymsk,RU,2021-01-26 01:33:24,67.45,153.6833,-37.88,80,48,2.75
275,Ust-Kut,RU,2021-01-26 01:38:00,56.7938,105.7672,-15.16,86,100,2.98
276,Sulangan,PH,2021-01-26 01:38:01,11.1373,123.7228,78.66,73,46,8.9
277,Bonneville,FR,2021-01-26 01:38:01,46.0802,6.4073,32.0,93,75,3.44
278,Roald,NO,2021-01-26 01:38:01,62.5833,6.1333,33.8,93,90,8.05
279,Orbetello,IT,2021-01-26 01:38:01,42.4408,11.2196,46.4,81,0,4.61
280,Marzuq,YE,2021-01-26 01:35:43,14.4,46.4667,51.35,41,84,2.06
281,Auki,SB,2021-01-26 01:37:30,-8.7676,160.7034,85.12,62,100,7.65
282,Bengkulu,ID,2021-01-26 01:38:02,-3.8004,102.2655,74.35,88,100,7.11
283,Camacha,PT,2021-01-26 01:38:02,33.0833,-16.3333,59.0,94,20,1.5
284,Port Lincoln,AU,2021-01-26 01:38:02,-34.7333,135.8667,63.91,62,100,11.63
285,Pucara,PE,2021-01-26 01:38:02,-15.9803,-71.4606,57.2,58,75,8.05
286,Anadyr,RU,2021-01-26 01:37:51,64.75,177.4833,-11.2,84,90,8.95
287,Phan Thiet,VN,2021-01-26 01:38:02,10.9333,108.1,79.52,59,48,3.31
288,Lagoa,PT,2021-01-26 01:37:12,39.05,-27.9833,61.52,88,99,19.1
289,Darlawn,IN,2021-01-26 01:38:03,24.0167,92.9,46.4,93,0,3.44
290,Belaya Gora,RU,2021-01-26 01:38:03,68.5333,146.4167,-38.61,77,27,3.18
291,Shiyan,CN,2021-01-26 01:38:03,32.6475,110.7781,39.0,91,0,1.92
292,Lorengau,PG,2021-01-26 01:38:03,-2.0226,147.2712,85.3,62,53,6.67
293,Vrangel,RU,2021-01-26 01:38:03,42.7297,133.0839,32.13,94,100,13.04
294,Esna,EG,2021-01-26 01:38:03,25.2934,32.554,50.0,53,0,8.14
295,Bontang,ID,2021-01-26 01:37:09,0.1333,117.5,83.44,68,98,1.03
296,Bosaso,SO,2021-01-26 01:37:28,11.2842,49.1816,70.0,75,43,3.51
297,Hualmay,PE,2021-01-26 01:36:35,-11.0964,-77.6139,71.94,76,100,7.56
298,Kahului,US,2021-01-26 01:32:49,20.8947,-156.47,78.8,65,40,17.27
299,Ust-Barguzin,RU,2021-01-26 01:37:38,53.45,108.9833,-1.71,90,100,0.85
300,Port Hedland,AU,2021-01-26 01:38:04,-20.3167,118.5667,93.2,31,100,5.75
301,Awbari,LY,2021-01-26 01:38:04,26.5921,12.7805,56.66,35,100,6.08
302,Yaan,NG,2021-01-26 01:38:04,7.3833,8.5667,73.29,22,22,5.37
303,Zagora,MA,2021-01-26 01:38:04,30.3484,-5.8365,57.49,36,0,3.65
304,Saint-Philippe,RE,2021-01-26 01:37:44,-21.3585,55.7679,77.0,73,0,8.05
305,Zhigansk,RU,2021-01-26 01:38:05,66.7697,123.3711,-56.11,62,55,2.15
306,Dolores,AR,2021-01-26 01:38:05,-36.3132,-57.6792,75.34,73,6,10.29
307,Moose Factory,CA,2021-01-26 01:36:55,51.2585,-80.6094,3.2,92,90,2.3
308,Severo-Kurilsk,RU,2021-01-26 01:35:33,50.6789,156.125,21.27,94,79,21.09
309,Cabedelo,BR,2021-01-26 01:38:05,-6.9811,-34.8339,77.0,83,0,6.91
310,Saint-Pierre,RE,2021-01-26 01:34:48,-21.3393,55.4781,77.0,73,0,8.05
311,Mount Darwin,ZW,2021-01-26 01:38:06,-16.7725,31.5838,64.85,93,100,1.1
312,Melfi,IT,2021-01-26 01:38:06,40.9965,15.6514,44.01,93,90,5.75
313,Luderitz,NA,2021-01-26 01:38:06,-26.6481,15.1594,65.95,74,92,20.11
314,Belgrade,RS,2021-01-26 01:34:35,44.804,20.4651,36.0,93,75,5.75
315,Noumea,NC,2021-01-26 01:38:07,-22.2763,166.4572,87.8,55,0,10.36
316,Yeniseysk,RU,2021-01-26 01:38:07,58.4497,92.1703,-43.06,79,54,2.55
317,San Quintin,MX,2021-01-26 01:38:07,30.4833,-115.95,52.92,60,95,30.15
318,Tailai,CN,2021-01-26 01:38:07,46.3833,123.4,14.83,77,0,15.3
319,Lafiagi,NG,2021-01-26 01:38:07,8.8667,5.4167,74.97,20,51,1.9
320,Rio Grande,BR,2021-01-26 01:36:07,-32.035,-52.0986,77.0,85,0,10.22
321,Plouzane,FR,2021-01-26 01:38:08,48.3833,-4.6167,39.2,87,90,8.05
322,Campo Grande,BR,2021-01-26 01:36:25,-20.4428,-54.6464,69.8,88,75,10.36
323,Ibra,OM,2021-01-26 01:38:08,22.6906,58.5334,54.37,74,0,2.64
324,Sobolevo,RU,2021-01-26 01:38:08,54.4299,31.8996,36.48,94,100,17.81
325,Suhbaatar,MN,2021-01-26 01:38:08,50.2314,106.2078,-3.39,84,100,3.6
326,Port Elizabeth,ZA,2021-01-26 01:32:29,-33.918,25.5701,64.4,94,0,1.14
327,Majene,ID,2021-01-26 01:38:09,-3.5403,118.9707,85.1,62,100,4.27
328,Asau,RO,2021-01-26 01:37:44,46.4333,26.4,36.0,69,0,8.05
329,Votkinsk,RU,2021-01-26 01:38:09,57.0486,53.9872,23.88,97,100,10.78
330,Berdigestyakh,RU,2021-01-26 01:38:09,62.0989,126.6992,-46.55,76,57,2.26
331,La Grande,US,2021-01-26 01:38:09,45.3246,-118.0877,30.99,81,100,4.29
332,Norman Wells,CA,2021-01-26 01:35:52,65.282,-126.8329,-11.2,77,90,4.61
333,Kuminskiy,RU,2021-01-26 01:38:09,58.6667,66.5667,12.94,97,100,5.44
334,Hun,LY,2021-01-26 01:33:36,29.1268,15.9477,59.04,35,98,5.21
335,Buraydah,SA,2021-01-26 01:38:10,26.326,43.975,50.0,53,0,3.44
336,Payakumbuh,ID,2021-01-26 01:38:10,-0.2202,100.6308,76.6,76,73,0.54
337,Dwarka,IN,2021-01-26 01:38:10,22.2394,68.9678,65.7,42,0,12.55
338,Sheltozero,RU,2021-01-26 01:38:10,61.3667,35.3667,34.57,97,100,7.78
339,Lucapa,AO,2021-01-26 01:38:10,-8.4192,20.7447,62.83,96,99,1.01
340,Sambava,MG,2021-01-26 01:38:10,-14.2667,50.1667,76.46,88,14,3.0
341,Greenwood,US,2021-01-26 01:38:10,34.1668,-82.1165,50.0,100,20,5.41
342,Manta,EC,2021-01-26 01:34:34,-0.95,-80.7333,78.8,78,75,4.61
343,Sola,VU,2021-01-26 01:38:10,-13.8833,167.55,84.2,79,90,1.14
344,Saint George,US,2021-01-26 01:37:01,37.1041,-113.5841,36.0,93,90,5.75
345,Kamenka,RU,2021-01-26 01:38:11,51.3223,42.7678,33.24,94,100,16.6
346,Gerash,IR,2021-01-26 01:38:11,27.6652,54.1371,41.0,65,0,6.91
347,Vardo,NO,2021-01-26 01:38:11,70.3705,31.1107,28.09,97,100,25.79
348,Kavieng,PG,2021-01-26 01:37:15,-2.5744,150.7967,84.22,70,61,5.7
349,Hambantota,LK,2021-01-26 01:38:11,6.1241,81.1185,69.8,100,40,9.22
350,Rangoon,MM,2021-01-26 01:35:19,16.8053,96.1561,64.4,100,0,3.44
351,Oum Hadjer,TD,2021-01-26 01:38:12,13.2954,19.6966,68.7,23,99,8.41
352,Namatanai,PG,2021-01-26 01:36:30,-3.6667,152.4333,85.21,66,53,5.84
353,Ukiah,US,2021-01-26 01:38:12,39.1502,-123.2078,44.6,57,1,14.97
354,Oktyabrskiy,RU,2021-01-26 01:38:12,54.4815,53.471,26.64,97,100,7.65
355,Shitanjing,CN,2021-01-26 01:38:12,39.2342,106.3439,22.01,75,0,5.01
356,Aitape,PG,2021-01-26 01:38:12,-3.1374,142.3475,85.73,65,60,3.91
357,Tulum,MX,2021-01-26 01:38:12,20.2167,-87.4667,79.0,83,40,3.44
358,Morondava,MG,2021-01-26 01:37:12,-20.2833,44.2833,79.05,83,100,9.35
359,Wajir,KE,2021-01-26 01:38:13,1.7471,40.0573,72.01,75,40,14.03
360,Guaiba,BR,2021-01-26 01:38:13,-30.1139,-51.325,78.8,78,0,8.05
361,Sokolo,ML,2021-01-26 01:38:13,14.7328,-6.1219,66.0,20,0,10.45
362,Bethanien,NA,2021-01-26 01:38:13,-26.502,17.1583,79.65,28,100,7.4
363,Butterworth,MY,2021-01-26 01:38:13,5.3991,100.3638,78.8,78,20,3.44
364,Pangkalanbuun,ID,2021-01-26 01:38:14,-2.6833,111.6167,86.29,64,99,2.04
365,Roche-La-Moliere,FR,2021-01-26 01:38:14,45.4341,4.3228,28.99,79,94,4.07
366,Chakulia,IN,2021-01-26 01:38:14,22.4833,86.7167,59.0,82,75,5.79
367,Sibolga,ID,2021-01-26 01:37:39,1.7427,98.7792,81.99,68,67,2.19
368,Ambatondrazaka,MG,2021-01-26 01:38:14,-17.8333,48.4167,66.61,90,77,1.95
369,Sakakah,SA,2021-01-26 01:38:14,29.9697,40.2064,44.6,36,0,7.58
370,Arlit,NE,2021-01-26 01:37:44,18.7369,7.3853,60.31,23,0,6.58
371,Gravdal,NO,2021-01-26 01:38:15,68.1214,13.5031,31.55,98,100,11.03
372,Hamilton,US,2021-01-26 01:35:05,39.1834,-84.5333,35.01,94,100,1.01
373,Touros,BR,2021-01-26 01:36:50,-5.1989,-35.4608,78.8,78,40,6.91
374,Coihaique,CL,2021-01-26 01:37:14,-45.5752,-72.0662,48.2,66,75,6.91
375,Biu,NG,2021-01-26 01:38:15,10.6129,12.1946,65.88,24,76,7.56
376,San Giljan,MT,2021-01-26 01:38:15,35.9184,14.4898,59.0,82,0,9.22
377,Salinas,US,2021-01-26 01:33:54,36.6777,-121.6555,50.0,57,1,20.71
378,Tazovskiy,RU,2021-01-26 01:38:16,67.4667,78.7,-26.82,86,100,19.3
379,Kenora,CA,2021-01-26 01:38:16,49.8167,-94.4337,-7.6,77,90,6.91
380,Pringsewu,ID,2021-01-26 01:38:16,-5.3582,104.9744,76.89,89,96,1.14
381,Maceio,BR,2021-01-26 01:36:28,-9.6658,-35.7353,78.8,78,20,11.5
382,Jamalteca,HN,2021-01-26 01:38:16,14.7,-87.5833,75.2,64,20,1.14
383,Cayenne,GF,2021-01-26 01:36:48,4.9333,-52.3333,77.0,100,90,13.82
384,Ellisras,ZA,2021-01-26 01:38:16,-23.6649,27.7443,68.76,85,100,10.18
385,Naze,JP,2021-01-26 01:33:43,28.3667,129.4833,64.4,94,75,11.5
386,Rurrenabaque,BO,2021-01-26 01:38:17,-14.4413,-67.5278,73.38,95,100,0.6
387,Lavrentiya,RU,2021-01-26 01:36:48,65.5833,-171.0,-0.56,87,100,5.32
388,Ewa Beach,US,2021-01-26 01:38:17,21.3156,-158.0072,71.6,94,90,16.98
389,Colares,PT,2021-01-26 01:37:09,38.7992,-9.4469,60.01,100,100,11.01
390,Taywarah,AF,2021-01-26 01:38:17,33.35,64.4167,17.06,69,0,2.24
391,Umm Lajj,SA,2021-01-26 01:38:18,25.0213,37.2685,70.07,66,0,7.83
392,Jacareacanga,BR,2021-01-26 01:38:18,-6.2222,-57.7528,74.03,97,100,2.13
393,North Bend,US,2021-01-26 01:38:18,43.4065,-124.2243,41.0,93,90,6.91
394,Mlonggo,ID,2021-01-26 01:38:18,-6.5333,110.7,82.4,74,20,2.3
395,Zhanaozen,KZ,2021-01-26 01:38:18,43.3,52.8,29.68,87,22,23.4
396,Bani,DO,2021-01-26 01:38:18,18.2833,-70.3333,73.99,85,1,14.07
397,Klaksvik,FO,2021-01-26 01:37:18,62.2266,-6.589,28.4,80,61,10.36
398,Sevenoaks,GB,2021-01-26 01:38:19,51.27,0.1928,30.99,90,0,1.01
399,Great Yarmouth,GB,2021-01-26 01:38:19,52.6083,1.7305,34.0,86,0,12.66
400,West Plains,US,2021-01-26 01:38:19,36.7281,-91.8524,48.2,93,90,8.34
401,Shahrud,IR,2021-01-26 01:38:19,36.4182,54.9763,29.75,76,2,1.21
402,Hope,US,2021-01-26 01:38:19,33.6671,-93.5916,59.0,53,0,1.99
403,Altar,MX,2021-01-26 01:38:19,30.7,-111.8167,48.99,73,13,21.34
404,Vieste,IT,2021-01-26 01:38:19,41.8825,16.175,44.6,87,40,13.8
405,Tadine,NC,2021-01-26 01:38:20,-21.55,167.8833,78.12,80,100,18.84
406,Pathein,MM,2021-01-26 01:34:37,16.7833,94.7333,71.46,60,0,4.09
407,Conde,BR,2021-01-26 01:33:27,-7.2597,-34.9075,77.0,83,0,6.91
408,Mikhaylovskoye,RU,2021-01-26 01:38:20,51.8239,79.7172,1.98,94,100,3.38
409,Moron,AR,2021-01-26 01:33:28,-34.6534,-58.6198,88.0,45,7,3.0
410,Svencionys,LT,2021-01-26 01:38:20,55.15,26.1667,34.38,99,100,6.87
411,Nova Olimpia,BR,2021-01-26 01:34:24,-14.7972,-57.2881,74.66,87,100,1.16
412,Richards Bay,ZA,2021-01-26 01:38:20,-28.783,32.0377,69.62,84,99,6.22
413,Salalah,OM,2021-01-26 01:37:00,17.0151,54.0924,69.8,37,0,9.22
414,Palmer,US,2021-01-26 01:37:44,42.1584,-72.3287,28.0,54,90,6.91
415,Muroto,JP,2021-01-26 01:38:21,33.2833,134.15,57.2,72,75,6.91
416,Saint-Paul,RE,2021-01-26 01:38:21,-21.0096,55.2707,77.0,83,0,4.61
417,Eravur,LK,2021-01-26 01:38:21,7.7733,81.6095,74.98,74,100,5.61
418,Kulhudhuffushi,MV,2021-01-26 01:38:21,6.6221,73.07,80.64,71,90,8.61
419,Vao,NC,2021-01-26 01:37:22,-22.6667,167.4833,76.51,78,58,22.91
420,Mecca,SA,2021-01-26 01:36:01,21.4267,39.8261,70.65,71,14,4.38
421,Leningradskiy,RU,2021-01-26 01:35:41,69.3833,178.4167,-15.75,86,100,17.05
422,Yumen,CN,2021-01-26 01:38:22,40.2833,97.2,17.74,80,12,1.57
423,Saint-Joseph,RE,2021-01-26 01:38:22,-21.3667,55.6167,77.0,73,0,8.05
424,Geraldton,AU,2021-01-26 01:38:22,-28.7667,114.6,73.02,61,57,15.39
425,Milkovo,RU,2021-01-26 01:38:22,54.7167,158.6167,10.26,94,100,2.15
426,Paita,PE,2021-01-26 01:37:15,-5.0892,-81.1144,74.19,77,100,10.56
427,Kenscoff,HT,2021-01-26 01:38:22,18.4506,-72.2869,80.6,50,14,10.36
428,Lafia,NG,2021-01-26 01:37:36,8.4833,8.5167,73.56,22,58,1.99
429,Talara,PE,2021-01-26 01:33:42,-4.5772,-81.2719,74.43,79,99,10.42
430,Biltine,TD,2021-01-26 01:38:23,14.5333,20.9167,70.12,19,24,14.56
431,Lakes Entrance,AU,2021-01-26 01:37:38,-37.8811,147.981,64.99,94,99,4.0
432,Rio Cuarto,AR,2021-01-26 01:35:02,-33.1307,-64.3499,75.2,78,40,8.05
433,Victoria,HK,2021-01-26 01:33:22,22.2855,114.1577,66.99,77,41,8.43
434,Naryan-Mar,RU,2021-01-26 01:38:23,67.6713,53.087,-6.56,91,100,16.42
435,Aksarka,RU,2021-01-26 01:38:23,66.5606,67.7975,-14.69,88,100,7.78
436,Lages,BR,2021-01-26 01:38:23,-27.8161,-50.3261,63.82,97,100,5.03
437,Mandiana,GN,2021-01-26 01:38:24,10.6333,-8.6833,68.2,23,11,3.91
438,Inuvik,CA,2021-01-26 01:38:24,68.3499,-133.7218,-7.6,77,99,3.44
439,Salvador,SV,2021-01-26 01:38:24,13.8333,-88.9167,78.8,78,0,4.61
440,Songea,TZ,2021-01-26 01:38:24,-10.6833,35.65,68.0,94,40,0.89
441,Porbandar,IN,2021-01-26 01:38:24,21.6422,69.6093,59.58,41,0,12.15
442,Palauig,PH,2021-01-26 01:38:24,15.435,119.9045,83.77,67,100,2.98
443,Marsh Harbour,BS,2021-01-26 01:35:30,26.5412,-77.0636,74.07,78,100,17.67
444,La Union,PE,2021-01-26 01:38:25,-5.4,-80.75,79.45,56,100,11.52
445,Pitkyaranta,RU,2021-01-26 01:38:25,61.5734,31.4792,33.93,98,100,8.72
446,Penzance,GB,2021-01-26 01:37:58,50.1186,-5.5371,44.6,65,40,12.66
447,Severnyy,RU,2021-01-26 01:38:25,50.677,36.5532,37.4,70,75,17.9
448,Sabha,LY,2021-01-26 01:38:25,27.0377,14.4283,54.9,38,79,4.79
449,San Jose De Guanipa,VE,2021-01-26 01:38:25,8.8872,-64.1651,76.57,69,96,14.34
450,San Borja,BO,2021-01-26 01:38:25,-14.8167,-66.85,74.05,96,100,1.21
451,Sterling,US,2021-01-26 01:37:58,39.0062,-77.4286,32.0,93,90,9.22
452,Gambela,ET,2021-01-26 01:38:26,8.25,34.5833,75.96,56,4,3.4
453,Acapulco,MX,2021-01-26 01:36:05,16.8634,-99.8901,80.6,78,40,8.05
454,Huarmey,PE,2021-01-26 01:38:26,-10.0681,-78.1522,72.07,75,100,6.46
455,Atikokan,CA,2021-01-26 01:38:27,48.7555,-91.6216,-10.19,89,0,3.42
456,Savinka,RU,2021-01-26 01:38:27,50.0785,47.0994,21.33,96,58,10.29
457,Nantucket,US,2021-01-26 01:35:26,41.2835,-70.0995,24.8,68,1,3.44
458,Moate,IE,2021-01-26 01:38:28,53.55,-7.7167,34.0,91,100,8.28
459,Nedjo,ET,2021-01-26 01:38:28,9.5046,35.5019,57.54,51,1,3.22
460,Najran,SA,2021-01-26 01:38:28,17.4924,44.1277,50.0,40,1,1.41
461,Astoria,US,2021-01-26 01:37:51,46.1879,-123.8313,39.2,87,90,5.75
462,Honiara,SB,2021-01-26 01:38:28,-9.4333,159.95,88.29,58,100,10.71
463,Manado,ID,2021-01-26 01:36:18,1.487,124.8455,78.8,89,40,2.3
464,Ixtapa,MX,2021-01-26 01:32:29,20.7,-105.2,73.4,73,90,4.61
465,Alta Floresta,BR,2021-01-26 01:38:28,-9.8756,-56.0861,73.63,87,100,1.92
466,Varzea Da Palma,BR,2021-01-26 01:38:29,-17.5981,-44.7308,69.15,87,46,1.99
467,Padang,ID,2021-01-26 01:35:47,-0.9492,100.3543,77.0,88,75,3.44
468,Sirpur,IN,2021-01-26 01:38:29,19.4833,79.6,66.31,58,0,1.88
469,Whitianga,NZ,2021-01-26 01:38:29,-36.8333,175.7,82.0,65,3,8.99
470,Kruisfontein,ZA,2021-01-26 01:35:24,-34.0033,24.7314,63.0,91,0,2.71
471,Nicholasville,US,2021-01-26 01:33:57,37.8806,-84.573,45.0,93,90,10.36
472,Hami,CN,2021-01-26 01:37:10,42.8,93.45,18.0,77,100,0.54
473,Ortakoy,TR,2021-01-26 01:38:29,38.7373,34.0387,37.4,70,75,11.5
474,Nabire,ID,2021-01-26 01:38:30,-3.3667,135.4833,87.03,62,3,4.52
475,Opotiki,NZ,2021-01-26 01:38:30,-38.0833,177.2833,78.17,47,0,6.93
476,Nemuro,JP,2021-01-26 01:38:30,43.3236,145.575,19.4,58,20,1.14
477,Tura,IN,2021-01-26 01:33:40,25.5198,90.2201,61.27,57,0,2.26
478,Omsukchan,RU,2021-01-26 01:38:30,62.5333,155.8,-31.41,81,100,8.55
479,Chokwe,MZ,2021-01-26 01:38:30,-24.5333,32.9833,73.08,97,100,4.54
480,Inta,RU,2021-01-26 01:38:31,66.0317,60.1659,9.19,95,100,12.59
481,Stillwater,US,2021-01-26 01:38:31,36.1156,-97.0584,42.8,75,90,12.66
482,Doba,TD,2021-01-26 01:38:31,8.65,16.85,70.81,26,91,1.7
483,Shepsi,RU,2021-01-26 01:38:31,44.0361,39.1489,49.78,80,100,20.49
484,Matara,LK,2021-01-26 01:36:08,5.9485,80.5353,71.96,84,79,8.08
485,Kysyl-Syr,RU,2021-01-26 01:38:31,63.8986,122.7617,-51.2,76,55,3.56
486,Derzhavinsk,KZ,2021-01-26 01:38:31,51.1,66.3167,24.46,98,100,10.71
487,Marion,US,2021-01-26 01:35:06,39.7684,-86.1555,33.01,100,90,9.22
488,Awjilah,LY,2021-01-26 01:38:32,29.1081,21.2869,53.35,41,38,4.56
489,Kalianget,ID,2021-01-26 01:38:32,-7.05,113.9333,81.72,73,95,5.64
490,Balkanabat,TM,2021-01-26 01:38:32,39.5108,54.3671,39.31,63,0,14.29
491,Estelle,US,2021-01-26 01:34:06,29.8458,-90.1067,73.0,100,90,12.66
492,Olga,RU,2021-01-26 01:38:32,43.7444,135.2892,27.59,96,100,2.3
493,Chifeng,CN,2021-01-26 01:38:33,42.2683,118.9636,15.22,88,0,7.29
494,Lagos,NG,2021-01-26 01:38:03,6.5833,3.75,76.68,83,82,2.68
495,Nautla,MX,2021-01-26 01:38:33,20.2167,-96.7833,73.58,87,0,7.58
496,Barsovo,RU,2021-01-26 01:38:33,61.1667,73.1667,-22.0,69,40,11.18
497,Bondo,CD,2021-01-26 01:38:33,3.8146,23.6866,64.71,97,100,0.54
498,Ko Samui,TH,2021-01-26 01:38:34,9.5357,99.9357,80.6,78,20,8.05
499,Nome,US,2021-01-26 01:37:16,64.5011,-165.4064,3.2,85,90,3.44
500,Kinshasa,CD,2021-01-26 01:38:34,-4.3246,15.3215,77.0,88,98,1.43
501,Chicama,PE,2021-01-26 01:38:34,-7.8447,-79.1469,69.8,94,40,9.22
502,Gariaband,IN,2021-01-26 01:38:34,20.635,82.0614,61.95,60,10,1.52
503,Doka,SD,2021-01-26 01:38:34,13.5167,35.7667,69.6,61,23,10.63
504,Lubao,PH,2021-01-26 01:38:34,14.9167,120.55,80.6,94,75,2.3
505,Muisne,EC,2021-01-26 01:38:34,0.6,-80.0333,75.92,89,100,3.56
506,Jalu,LY,2021-01-26 01:38:35,29.0331,21.5482,52.0,43,31,3.74
507,Veraval,IN,2021-01-26 01:38:35,20.9,70.3667,63.66,30,0,12.26
508,Pangody,RU,2021-01-26 01:36:56,65.85,74.4859,-23.51,86,100,19.08
509,Guerrero Negro,MX,2021-01-26 01:38:36,27.9769,-114.0611,57.79,58,24,19.77
510,Manuk Mangkaw,PH,2021-01-26 01:38:36,4.8,119.85,80.8,79,100,7.25
511,Menzelinsk,RU,2021-01-26 01:38:37,55.7271,53.1026,26.6,86,90,13.42
512,Uige,AO,2021-01-26 01:38:37,-7.6087,15.0613,66.6,92,95,1.14
513,Capitao Poco,BR,2021-01-26 01:37:59,-1.7464,-47.0594,73.38,97,100,2.82
514,Pisco,PE,2021-01-26 01:38:37,-13.7,-76.2167,69.8,78,0,19.57
515,Cornelius,US,2021-01-26 01:38:37,35.4868,-80.8601,48.2,93,90,5.73
516,Januaria,BR,2021-01-26 01:38:37,-15.4833,-44.3667,71.76,73,0,3.56
517,Turukhansk,RU,2021-01-26 01:36:16,65.8167,87.9833,-42.09,78,53,7.34
518,Alabaster,US,2021-01-26 01:38:37,33.2443,-86.8164,70.0,83,90,9.22
519,Sigli,ID,2021-01-26 01:38:38,5.3848,95.9609,80.29,74,75,4.9
520,Skelleftea,SE,2021-01-26 01:38:08,64.7507,20.9528,15.01,92,90,4.61
521,El Alto,PE,2021-01-26 01:38:38,-4.2714,-81.2147,73.0,79,99,11.88
522,Gunnedah,AU,2021-01-26 01:38:23,-30.9833,150.25,93.0,44,50,1.01
523,Abu Dhabi,AE,2021-01-26 01:35:11,24.4667,54.3667,62.6,94,0,1.14
524,Rolla,US,2021-01-26 01:35:30,37.9514,-91.7713,44.6,93,90,9.22
525,Potiskum,NG,2021-01-26 01:38:38,11.7091,11.0694,66.69,22,9,9.24
526,Southbridge,US,2021-01-26 01:38:39,42.0751,-72.0334,28.99,41,100,6.76
527,Porto Novo,BJ,2021-01-26 01:38:39,6.4965,2.6036,77.88,81,99,5.5
528,Oktyabrskoye,RU,2021-01-26 01:38:39,43.0645,44.7417,21.2,93,100,8.95
529,Horodkivka,UA,2021-01-26 01:38:39,49.9068,28.9847,31.98,96,100,22.44
530,Katangli,RU,2021-01-26 01:38:39,51.7102,143.2326,-8.75,78,13,2.42
531,Codrington,AU,2021-01-26 01:37:05,-38.2667,141.9667,64.51,62,57,15.01
532,Vikulovo,RU,2021-01-26 01:38:39,56.8167,70.6107,0.14,93,100,10.51
533,Leh,IN,2021-01-26 01:38:39,34.1667,77.5833,-0.56,64,53,1.21
534,Aden,YE,2021-01-26 01:34:13,12.7794,45.0367,73.81,76,34,14.36
535,Tateyama,JP,2021-01-26 01:37:11,34.9833,139.8667,53.6,66,75,14.97
536,Sabang,ID,2021-01-26 01:38:02,5.8933,95.3214,81.68,77,59,15.99
537,Bathsheba,BB,2021-01-26 01:38:40,13.2167,-59.5167,78.8,69,20,16.11
538,Mercedes,AR,2021-01-26 01:38:40,-34.6515,-59.4307,84.0,75,63,1.01
539,Puerto Carreno,CO,2021-01-26 01:38:40,6.189,-67.4859,81.64,59,100,10.31
540,Huambo,AO,2021-01-26 01:38:40,-12.7761,15.7392,62.15,79,99,2.24
541,Nanortalik,GL,2021-01-26 01:36:12,60.1432,-45.2371,19.15,87,0,9.06
542,Beringovskiy,RU,2021-01-26 01:36:14,63.05,179.3167,-2.7,92,100,15.57
543,Inhambane,MZ,2021-01-26 01:37:27,-23.865,35.3833,79.09,89,97,8.37
544,Rivers,CA,2021-01-26 01:38:41,50.0308,-100.2403,-9.4,70,75,6.91
545,Bulgan,MN,2021-01-26 01:38:41,48.8125,103.5347,-6.03,83,62,4.03
546,Agdas,AZ,2021-01-26 01:38:41,40.65,47.4761,21.2,86,14,4.29
547,Roxana,CR,2021-01-26 01:38:41,10.2753,-83.7513,69.8,73,20,10.36
548,Ladario,BR,2021-01-26 01:36:27,-19.0047,-57.6017,76.46,78,100,2.1
549,Katete,UG,2021-01-26 01:38:42,-0.7818,29.7544,61.61,80,100,3.06
550,Ilongero,TZ,2021-01-26 01:38:42,-4.6667,34.8667,59.04,98,100,4.65
551,Conakry,GN,2021-01-26 01:34:28,9.538,-13.6773,77.83,72,0,5.44
552,Bushehr,IR,2021-01-26 01:38:42,28.9684,50.8385,61.43,48,0,9.42
553,Saint-Georges,GD,2021-01-26 01:38:42,12.0564,-61.7485,78.8,78,20,18.41
554,Suntar,RU,2021-01-26 01:38:42,62.1444,117.6319,-44.46,78,55,3.18
555,Zenzeli,RU,2021-01-26 01:38:42,45.9241,47.0474,34.9,88,21,14.88
556,Rocha,UY,2021-01-26 01:34:16,-34.4833,-54.3333,71.1,87,0,8.5
557,Pontypridd,GB,2021-01-26 01:38:42,51.6021,-3.3421,41.0,89,100,5.88
558,Luganville,VU,2021-01-26 01:38:43,-15.5333,167.1667,79.99,81,100,3.67
559,Puerto Escondido,MX,2021-01-26 01:36:10,15.85,-97.0667,78.8,83,40,5.75
560,Rafai,CF,2021-01-26 01:38:43,4.95,23.9167,64.83,98,100,0.69
561,Mpika,ZM,2021-01-26 01:38:43,-11.8343,31.4529,60.42,93,100,2.28
562,Manavadar,IN,2021-01-26 01:38:43,21.5,70.1333,53.2,42,0,10.02
563,Udachnyy,RU,2021-01-26 01:38:43,66.4167,112.4,-38.83,79,81,1.57
564,Taitung,TW,2021-01-26 01:38:43,22.7583,121.1444,71.6,60,0,1.14
565,Bisira,PA,2021-01-26 01:38:44,8.5196,-81.7115,57.11,100,55,7.54
566,Hvittingfoss,NO,2021-01-26 01:38:44,59.4833,10.0167,19.0,54,9,4.0
567,Miles City,US,2021-01-26 01:38:44,46.4083,-105.8406,15.8,86,90,12.66
568,Samarai,PG,2021-01-26 01:37:54,-10.6167,150.6667,84.72,70,61,0.65
569,Lapi,PH,2021-01-26 01:38:44,17.716,121.8978,76.5,84,99,3.44
570,Puro,PH,2021-01-26 01:38:45,12.4841,123.3827,80.51,72,2,7.7
571,Isla Vista,US,2021-01-26 01:38:45,34.4133,-119.861,48.99,66,75,21.85
572,Olafsvik,IS,2021-01-26 01:36:21,64.8945,-23.7142,27.37,92,100,27.98
573,Pedro Carbo,EC,2021-01-26 01:38:46,-1.8333,-80.2333,79.0,88,75,6.91
574,Nyrob,RU,2021-01-26 01:38:46,60.733,56.7202,35.13,96,100,9.22
575,Kaeo,NZ,2021-01-26 01:38:46,-35.1,173.7833,79.66,47,9,5.99
576,Kamaishi,JP,2021-01-26 01:38:46,39.2667,141.8833,28.4,86,75,3.44
577,Taltal,CL,2021-01-26 01:37:54,-25.4,-70.4833,66.27,68,0,4.59
578,Askiz,RU,2021-01-26 01:38:47,53.1319,90.5264,-12.28,86,100,0.69
579,Alihe,CN,2021-01-26 01:38:47,50.5667,123.7167,-10.32,84,100,2.15
580,Corleone,IT,2021-01-26 01:38:47,37.8134,13.3017,55.99,1,100,7.0
581,Tsumeb,NA,2021-01-26 01:38:47,-19.2333,17.7167,66.2,82,98,16.89
582,Ryazanovskiy,RU,2021-01-26 01:38:47,55.55,39.4333,32.16,98,100,8.5
583,Wasilla,US,2021-01-26 01:38:48,61.5814,-149.4394,24.8,86,1,1.72
584,Subate,LV,2021-01-26 01:38:48,56.0062,25.9076,34.02,98,100,7.72
585,Giporlos,PH,2021-01-26 01:38:48,11.12,125.4494,81.93,72,100,7.65
586,Tierralta,CO,2021-01-26 01:38:48,8.1736,-76.0592,76.44,90,54,5.5
587,Kirakira,SB,2021-01-26 01:38:48,-10.4544,161.9205,86.65,64,80,13.18
588,Ilinskaya,RU,2021-01-26 01:38:48,45.7219,40.7211,41.0,70,100,8.57
589,Baberu,IN,2021-01-26 01:38:48,25.55,80.7167,49.75,58,0,4.43
